T,P,rho_L,rho_V,u_L,u_V,h_L,h_V,s_L,s_V
183.33,93381.31194942545,1234.4228092967392,2.764269829418288,-2406.154795627007,339691.6960185853,-2330.507042485668,373473.24330301577,-12.630344961163448,2037.2455637580947
183.58088312270834,94814.74368286485,1233.687052179794,2.8036560041746443,-1975.6103455053303,339805.30966844776,-1898.7555681810002,373623.5611021752,-10.283235648477923,2035.2582732642536
183.8317662454167,96265.54223936336,1232.9508250072267,2.8434779257792773,-1545.0396293105548,339918.78669262584,-1466.9622718952114,373773.64498661936,-7.93918449381829,2033.2782553558648
184.08264936812503,97733.8548355522,1232.2141249378856,2.883738910883351,-1114.4416568325005,340032.1261543489,-1035.126014479787,373923.4935269961,-5.598177710866362,2031.3054676274876
184.3335324908334,99219.82927452671,1231.47694912391,2.9244422890309343,-683.8154388247629,340145.32711664186,-603.2456568692436,374073.1052939291,-3.2602015741134798,2029.339867919103
184.58441561354172,100723.61394349198,1230.7392947106491,2.965591402679034,-253.159986979057,340258.3886423022,-171.32006005419098,374222.4788579988,-0.9252424183881981,2027.3814143142592
184.83529873625005,102245.35781139828,1230.0011588365783,3.0071896072186632,177.52568610100715,340371.30979387753,260.6519149472762,374371.6127897227,1.4067133616220748,2025.430065138227
185.0861818589584,103785.21042656228,1229.2625386332186,3.0492402709968585,608.2425669250098,340484.08963364223,692.6714071148043,374520.5056595351,3.735679311842389,2023.4857789561702
185.33706498166674,105343.32191427588,1228.5234312250498,3.0917467753396988,1038.9916411414274,340596.72722357244,1124.7395554552095,374669.1560377642,6.061668919272837,2021.54851457132
185.5879481043751,106919.84297440544,1227.7838337294304,3.134712514576384,1469.7738935637035,340709.2216253215,1556.8574990294087,374817.56249461096,8.384695612458524,2019.6182310231643
185.83883122708343,108514.92487897663,1227.0437432565102,3.1781408960642645,1900.5903081952804,340821.5719001942,1989.0263769780217,374965.7236001243,10.70477276195148,2017.6948875856467
186.0897143497918,110128.71946975116,1226.3031569091477,3.22203534021499,2331.4418682568125,340933.7771091203,2421.247328552979,375113.6379241776,13.021913680769059,2015.7784437653722
186.34059747250012,111761.37915579038,1225.562071782823,3.2663992805216306,2762.3295562105736,341045.83631262695,2853.5214931417095,375261.3040364429,15.336131624852152,2013.8688592998303
186.59148059520845,113413.05691101092,1224.8204849655517,3.3112361635869276,3193.254353786997,341157.7485708115,3285.850010295627,375408.72050636454,17.64743979351671,2011.9660941556197
186.8423637179168,115083.90627172886,1224.0783935378001,3.3565494491525807,3624.217242011677,341269.5129433128,3718.2340197599806,375555.8859031323,19.955851329912292,2010.0701085266912
187.09324684062514,116774.08133419428,1223.3357945723958,3.402342610129605,4055.2192012292644,341381.12848928175,4150.674661498081,375702.7987956533,22.26137932146151,2008.1808628325941
187.3441299633335,118483.73675211874,1222.5926851344418,3.4486191326298514,4486.261211132852,341492.59426735167,4583.173075724392,375849.45775252255,24.56403680031841,2006.2983177167346
187.59501308604183,120213.02773419098,1221.849062281227,3.4953825159985565,4917.344250786212,341603.9093356078,5015.730402926942,375995.8613419941,26.86383674379867,2004.4224340446488
187.84589620875016,121962.11004158716,1221.104923062138,3.5426362728480907,5348.469298653804,341715.07275155606,5448.347783899982,376142.00813195005,29.160792074833324,2002.5531729022766
188.09677933145852,123731.13998547116,1220.3602645185688,3.5903839290927886,5779.63733262524,341826.08357209136,5881.026359770612,376287.8966898681,31.454915662403614,2000.6904955942555
188.34766245416685,125520.27442448729,1219.615083683832,3.6386290239849366,6210.849330041667,341936.94085346523,6313.7672720257215,376433.52558279113,33.74622032197327,1998.834363642215
188.5985455768752,127329.67076224733,1218.8693775830675,3.687375110151961,6642.106267723086,342047.6436512525,6746.571662543154,376578.8933772923,36.03471881592988,1996.9847387830857
188.84942869958354,129159.48694480823,1218.1231432331497,3.7366257536347116,7073.4091219948305,342158.19102031813,7179.440673618746,376723.99863944214,38.32042385401045,1995.1415829674208
189.1003118222919,131009.88145814586,1217.3763776425985,3.786384533927024,7504.758868714367,342268.58201478206,7612.3754479952295,376868.83993477287,40.603348093739676,1993.304858357717
189.35119494500023,132881.01332561954,1216.6290778114833,3.8366550440163825,7936.156483296645,342378.8156879852,8045.37712889027,377013.4158282436,42.88350414084229,1991.4745273267595
189.60207806770856,134773.04210543394,1215.881240731333,3.8874408904258795,8367.602940743533,342488.8910924537,8478.446860027287,377157.7248842036,45.160904549684574,1989.650552455961
189.85296119041692,136686.12788809286,1215.1328633850396,3.9387456932573413,8799.099215668393,342598.8072798624,8911.585785662295,377301.765666355,47.43556182368389,1987.8328965337228
190.10384431312525,138620.43129384855,1214.3839427467647,3.9905730862356843,9230.64628232479,342708.5633009988,9344.795050613851,377445.5367377146,49.70748841574006,1986.0215225538007
190.3547274358336,140576.1134701476,1213.6344757818438,4.042926716754589,9662.245114632407,342818.15820572537,9778.075800292754,377589.0366605758,51.97669672864127,1984.2163937136736
190.60561055854194,142553.33608906952,1212.884459446691,4.095810245923322,10093.89668620521,342927.5910429419,10211.429180730287,377732.2639964681,54.24319911549121,1982.4174734129363
190.85649368125027,144552.26134476459,1212.1338906887013,4.149227348614953,10525.601970377955,343036.8608605471,10644.856338608575,377875.2173061179,56.507007880114315,1980.6247252516876
191.10737680395863,146573.05195088513,1211.382766446154,4.203181713515764,10957.361940234781,343145.96670539957,11078.358421289959,378017.8951494061,58.7681352774752,1978.8381130289322
191.35825992666696,148615.8711380139,1210.631083648114,4.257677043175984,11389.177568635214,343254.90762327844,11511.93657684616,378160.29608532786,61.02659351408137,1977.0576007409975
191.60914304937532,150680.8826510913,1209.8788392143342,4.312717054061875,11821.049828242576,343363.68265884323,11945.591954087657,378302.41867194854,63.28239474839295,1975.2831525799484
191.86002617208365,152768.25074683633,1209.1260300551542,4.36830547660907,12252.979691552437,343472.29085559316,12379.325702596056,378444.26146636135,65.53555109123138,1973.514732932022
192.110909294792,154878.14019116896,1208.3726530714005,4.424446055277332,12684.968130919073,343580.73125582613,12813.138972750827,378585.823024643,67.78607460617881,1971.7523063760664
192.36179241750034,157010.71625662647,1207.6187051542865,4.481142548606574,13117.016118583375,343689.0029005971,13247.032915761118,378727.101901809,70.03397730997752,1969.9958376819839
192.61267554020867,159166.14471978176,1206.8641831853095,4.538398729274328,13549.124626702527,343797.104829676,13681.008683696427,378868.0966517686,72.27927117293754,1968.2452918091924
192.86355866291703,161344.5918586572,1206.1090840361478,4.596218384154545,13981.294627376996,343905.03608150454,14115.0674295169,379008.8058272777,74.52196811932706,1966.500633905091
193.11444178562536,163546.22445013816,1205.3534045685583,4.654605314377763,14413.52709267843,344012.79569315363,14549.210307102796,379149.22797989304,76.7620800277699,1964.7618293035327
193.36532490833372,165771.2097673874,1204.5971416342718,4.713563335392767,14845.822994678272,344120.38270027924,14983.438471286336,379289.36165992403,78.99961873163782,1963.0288435233063
193.61620803104205,168019.7155772556,1203.8402920748877,4.77309627702955,15278.183305477241,344227.7961370784,15417.753077881975,379429.2054163845,81.23459601944782,1961.301642266634
193.86709115375038,170291.91013769543,1203.0828527217677,4.833207983563824,15710.608997232894,344335.0350362443,15852.155283718312,379568.75779694424,83.46702363524658,1959.5801914176639
194.11797427645874,172587.96219517294,1202.3248203959306,4.893902313782892,16143.101042188611,344442.0984289213,16286.646246668079,379708.017347879,85.69691327900031,1957.8644570409876
194.36885739916707,174908.04098207955,1201.5661919079428,4.95518314105299,16575.66041270173,344548.9853446591,16721.22712567985,379846.9826140204,87.9242766069792,1956.1544053801513
194.61974052187543,177252.31621414752,1200.806964057811,5.017054353388173,17008.288081274364,344655.69481136644,17155.899080809868,379985.65213870484,90.14912523214912,1954.4500028561854
194.87062364458376,179620.95808786192,1200.0471336348726,5.0795198535205826,17440.985020580796,344762.2258552647,17590.663273253584,380124.02446372213,92.37147072454707,1952.7512160661402
195.1215067672921,182014.13727787865,1199.2866974176857,5.1425835589723174,17873.752203497643,344868.57750084077,18025.520865377766,380262.0981292632,94.59132461166612,1951.0580117816241
195.37238989000045,184432.02493444085,1198.5256521739173,5.206249402128758,18306.590603132194,344974.7487707992,18460.47302075069,380399.87167386705,96.80869837883202,1949.370356947359
195.62327301270878,186874.79268079755,1197.7639946602317,5.2705213303134215,18739.501192853542,345080.7386860142,18895.520904177287,380537.34363436745,99.02360346958667,1947.6882186797404
195.87415613541714,189342.61261062702,1197.001721622177,5.335403305864425,19172.484946320466,345186.5462654818,19330.665681728402,380674.5125458386,101.23605128605983,1946.011564265404
196.12503925812547,191835.6572854587,1196.2388297940734,5.400899306212424,19605.542837512377,345292.1705262696,19765.908520775614,380811.37694154057,103.44605318934357,1944.3403611597998
196.3759223808338,194354.09973210198,1195.4753158988947,5.467013323960207,20038.675840758864,345397.6104834684,20201.25059002204,380947.9353528634,105.65362049987056,1942.6745769857791
196.62680550354216,196898.11344007548,1194.711176648155,5.533749366963838,20471.88493076974,345502.8651501423,20636.69305953686,381084.1863092718,107.85876449778122,1941.0141795321872
196.8776886262505,199467.8723590395,1193.9464087417916,5.601111458415378,20905.171082665423,345607.9335372775,21072.237100787625,381220.12833824754,110.06149642329326,1939.3591367524612
197.12857174895885,202063.55089623478,1193.1810088680463,5.669103636927329,21338.53527200743,345712.81465373293,21507.883886672647,381355.75996523345,112.26182747707847,1937.7094167632395
197.37945487166718,204685.3239139217,1192.4149737033474,5.737729956618589,21771.978474827705,345817.5075061873,21943.634591555714,381491.0797135736,114.45976882061407,1936.064987842978
197.63033799437554,207333.3667268273,1191.6482999121897,5.8069944872021715,22205.50166766126,345922.0110990896,22379.490391299343,381626.086104457,116.65533157656766,1934.4258184305743
197.88122111708387,210007.85509959294,1190.8809841470131,5.8769013140745106,22639.105827575644,346026.3244346049,22815.45246329795,381760.77765685704,118.84852682914835,1932.7918771239997
198.1321042397922,212708.9652442307,1190.1130230480815,5.947454538406518,23072.791932202006,346130.4465125638,23251.52198651227,381895.15288747207,121.03936562447379,1931.1631326789375
198.38298736250056,215436.87381758224,1189.3444132433585,6.018658277236307,23506.560959766794,346234.3763304081,23687.700141503472,382029.21031066566,123.22785897093308,1929.5395540074317
198.6338704852089,218191.75791878242,1188.5751513483856,6.09051666356361,23940.41388912303,346338.1128831382,24123.988110468035,382162.94843840477,125.41401783954734,1927.92111017654
198.88475360791725,220973.79508673225,1187.8052339661542,6.163033846446022,24374.351699781266,346441.6551632591,24560.387077272277,382296.3657801988,127.59785316432449,1926.3077704069983
199.13563673062558,223783.16329757252,1187.034657686982,6.236213991096867,24808.375371941525,346545.0021607267,24996.89822748612,382429.460843038,129.77937584262128,1924.6995040718914
199.38651985333394,226620.04096216874,1186.263419088383,6.310061278984983,25242.48588652604,346648.15286289237,25433.5227484201,382562.2321313296,131.95859673550234,1923.096280695325
199.63740297604227,229484.60692359746,1185.4915147349413,6.38457990793614,25676.684225209214,346751.10625444876,25870.261829157545,382694.67814683565,134.13552666808766,1921.4980699511173
199.8882860987506,232377.04045464395,1184.7189411781806,6.4597740922364,26110.971370452247,346853.86131737416,26307.116660594722,382826.7973886089,136.31017642991335,1919.9048416614885
200.13916922145896,235297.52125530373,1183.9456949564317,6.535648062737215,26545.348305533207,346956.4170308765,26744.08843547118,382958.5883529278,138.48255677528164,1918.3165657957563
200.3900523441673,238246.22945029073,1183.1717725947026,6.612206066962365,26979.816014582313,347058.7723713371,27181.17834841124,383090.0495332323,140.6526784236159,1916.7332124690495
200.64093546687565,241223.34558655688,1182.397170604545,6.689452369216832,27414.37548261156,347160.92631225486,27618.387595955108,383221.1794200578,142.82055205980606,1915.154751941017
200.89181858958398,244229.05063081376,1181.6218854839183,6.767391250697436,27849.027695550736,347262.8778241881,28055.717376599554,383351.97650096973,144.98618833456436,1913.581154614551
201.1427017122923,247263.5259670675,1180.8459137170553,6.846027009605487,28283.77364027804,347364.6258746976,28493.168890830904,383482.4392604954,147.1495978647701,1912.0123910345133
201.39358483500067,250326.95339415822,1180.069251774324,6.925363961261264,28718.614304655184,347466.16942828905,28930.743341165355,383612.5661800582,149.31079123381758,1910.44843188647
201.644467957709,253419.51512330843,1179.2918961120904,7.005406438220443,29153.550677560383,347567.50744635455,29368.441932184527,383742.355737909,151.46977899196395,1908.8892479954372
201.89535108041736,256541.39377568234,1178.5138431725784,7.0861587903925365,29588.583748921956,347668.6388871139,29806.265870572122,383871.80640905787,153.6265716566753,1907.3348103246242
202.1462342031257,259692.77237995015,1177.7350893837288,7.16762538516121,30023.714509752608,347769.5627055554,30244.216365153807,384000.916665205,155.78117971296882,1905.7850899741939
202.39711732583402,262873.834369866,1176.9556311590568,7.2498106075066975,30458.943952183745,347870.27785337734,30682.294626933613,384129.68497467134,157.9336136137599,1904.240058180022
202.64800044854238,266084.7635818515,1176.1754648975095,7.332718860130154,30894.273069499315,347970.7832789267,31120.501869132695,384258.109802328,160.08388378020146,1902.699686312466
202.8988835712507,269325.74425258953,1175.3945869833203,7.416354563580045,31329.702856171167,348071.0779271399,31558.83930722783,384386.1896095262,162.2320006020281,1901.1639458751436
203.14976669395907,272596.96101663087,1174.6129937858611,7.50072215638066,31765.234307893683,348171.16073948203,31997.308158990672,384513.9228540252,164.37797443789862,1899.6328085037105
203.4006498166674,275898.59890400566,1173.8306816594975,7.585826095162604,32200.868421618638,348271.03065388533,32435.90964452626,384641.307989921,166.52181561573204,1898.1062459646541
203.65153293937573,279230.8433378506,1173.0476469434363,7.67167085479548,32636.606195590954,348370.68660468835,32874.64498631277,384768.3434675739,168.66353443305158,1896.5842301540833
203.9024160620841,282593.88013204274,1172.2638859615784,7.758260928522642,33072.44862938471,348470.1275225737,33313.515409241685,384895.02773353504,170.80314115732273,1895.0667330965352
204.15329918479242,285987.8954888445,1171.4793950223634,7.845600828098052,33508.39672393692,348569.3523345053,33752.522140656416,385021.35923047294,172.94064602628563,1893.553726943776
204.40418230750078,289413.0759965624,1170.6941704186177,7.933695083925415,33944.451481586366,348668.35996366706,34191.666410394326,385147.3363970999,175.07605924829926,1892.045183973623
204.6550654302091,292869.60862721247,1169.908208427399,8.022548245199365,34380.61390610829,348767.14932939806,34630.94945082661,385272.9576680962,177.2093910026776,1890.5410765887566
204.90594855291747,296357.6807342021,1169.1215053098394,8.112164880048997,34816.88500275177,348865.71934713033,35070.37249689914,385398.22147403576,179.34065144002332,1889.041377315554
205.1568316756258,299877.4800500178,1168.3340573109854,8.202549575683477,35253.26577827562,348964.0689283245,35509.936786172504,385523.12624130957,181.46985068256282,1887.546058802916
205.40771479833415,303429.19468393206,1167.545860659643,8.293706938540124,35689.757240986524,349062.19698040513,35949.64355886754,385647.6703920491,183.5969988244825,1886.0550938211059
205.65859792104249,307013.01311971137,1166.7569115682122,8.385641594434466,36126.36040077534,349160.1024066963,36389.49405790242,385771.85234404996,185.72210593225992,1884.5684552605962
205.90948104375082,310629.1242133495,1165.9672062325253,8.47835818871295,36563.07626915596,349257.7841063564,36829.48952893923,385895.6705106933,187.84518204500242,1883.0861161309153
206.16036416645917,314277.7171908042,1165.1767408316814,8.571861386407758,36999.90585930199,349355.24097431224,37269.63122042261,386019.12330086785,189.9662371747758,1881.608049559505
206.4112472891675,317958.98164574726,1164.3855115278807,8.66615587239398,37436.85018608615,349452.47190119355,37709.92038362593,386142.20911889116,192.08528130694057,1880.1342287905834
206.66213041187586,321673.1075373319,1163.5935144662553,8.761246351549323,37873.91026611841,349549.4757732657,38150.358272693215,386264.92636443,194.2023244004829,1878.6646271840052
206.9130135345842,325420.28518796735,1162.8007457747,8.857137548916022,38311.0871177845,349646.25147236366,38590.946144682304,386387.2734324199,196.31737638834562,1877.1992182141437
207.16389665729253,329200.7052811127,1162.0072015637013,8.953834209865398,38748.38176128538,349742.79787582386,39031.685259610334,386509.248712985,198.43044717776172,1875.7379754687602
207.41477978000088,333014.55885908013,1161.2128779261634,9.051341100264734,39185.79521867573,349839.11385641666,39472.576880496934,386630.85059135593,200.54154665057993,1874.2808726478922
207.66566290270922,336862.0373208515,1160.417770937234,9.14966300664666,39623.328513905,349935.1982822786,39913.62227340948,386752.07744778856,202.6506846636032,1872.8278835627405
207.91654602541757,340743.3324199128,1159.621876654126,9.248804736381148,40060.98267285607,350031.05001684296,40354.82270750869,386872.92765748105,204.7578710489116,1871.378982134563
208.1674291481259,344658.6362620967,1158.8251911159389,9.34877111784989,40498.75872338677,350126.667918771,40796.17945509332,386993.39959049044,206.8631156141988,1869.934142393575
208.41831227083424,348608.141303445,1158.027710343479,9.449567000623432,40936.65769536959,350222.05084188224,41237.69379164697,387113.4916116488,208.96642814309683,1868.4933384778499
208.6691953935426,352592.0403480821,1157.229430339075,9.551197255640776,41374.68062073418,350317.19763508457,41679.36699588472,387233.2020804793,211.06781839551255,1867.0565446322344
208.92007851625092,356610.5265461021,1156.4303470863954,9.653666775391645,41812.82853350546,350412.10714230326,42121.200349797014,387352.52935111,213.16729610794533,1865.623735207257
209.17096163895928,360663.79339147586,1155.6304565502592,9.756980474101496,42251.102469849684,350506.7782024107,42563.195138701725,387471.4717721889,215.2648709938307,1864.1948846580501
209.42184476166761,364752.03471996606,1154.82975467645,9.8611432879191,42689.50346811237,350601.20964915375,43005.352651286965,387590.0276867965,217.3605527438581,1862.7699675432743
209.67272788437594,368875.4447070641,1154.0282373915243,9.96616017510696,43128.03256886365,350695.40031108324,43447.6741796627,387708.19543235964,219.45435102630842,1861.3489585240457
209.9236110070843,373034.21786593786,1153.225900602618,10.072036116234436,43566.69081493871,350789.34901147994,43890.16101940724,387825.9733405631,221.54627548737352,1859.9318323628665
210.17449412979263,377228.54904539493,1152.422740197254,10.17877611437361,44005.4792514826,350883.05456828256,44332.8144696171,387943.35973726056,223.63633575149626,1858.5185639225704
210.425377252501,381458.633427866,1151.6187520431415,10.286385195298115,44444.398925992056,350976.5157940143,44775.635832955486,388060.35294238647,225.7245414216877,1857.1091281652568
210.67626037520932,385724.66652739723,1150.813931987982,10.394868407684648,44883.45088836066,351069.73149570817,45218.62641570323,388176.95126986486,227.8109020798665,1855.7035001512443
210.92714349791765,390026.84418766544,1150.0082758592634,10.504230823317526,45322.63619092237,351162.70047483296,45661.787527808236,388293.15302751976,229.89542728718212,1854.3016550380162
211.178026620626,394365.3625800055,1149.2017794640583,10.614477537296079,45761.955888496654,351255.42152721825,46105.120482937135,388408.95651698293,231.97812658434682,1852.9035680791796
211.42890974333434,398740.41820145346,1148.3944385888185,10.725613668244987,46201.41103843177,351347.89344297827,46548.62659852399,388524.36003360216,234.0590094919611,1851.5092146234258
211.6797928660427,403152.20787281176,1147.5862489991662,10.837644358527761,46641.002700652956,351440.11500643677,46992.3071958266,388639.36186634883,236.13808551084975,1850.1185701134907
211.93067598875103,407600.928736723,1146.7772064396843,10.950574774463037,47080.731937705255,351532.0849960491,47436.16359997384,388753.96029772295,238.21536412238325,1848.7316100851226
212.1815591114594,412086.77825576975,1145.9673066337039,11.06441010654416,47520.599814801215,351623.8021843261,47880.19714002147,388868.15360366047,240.29085478881316,1847.3483101660593
212.43244223416772,416609.954210581,1145.156545283091,11.179155569661663,47960.60739986757,351715.26533775567,48324.40914900548,388981.9400534369,242.36456695360096,1845.9686460749963
212.68332535687608,421170.6546979665,1144.344918068021,11.2948164033291,48400.75576359196,351806.4732167246,48768.80096399262,389095.31790957187,244.43651004175067,1844.5925936205722
212.9342084795844,425769.0781290599,1143.5324206467692,11.411397871911872,48841.04597947001,351897.4245754395,49213.37392613927,389208.2854277324,246.50669346013336,1843.220128700347
213.18509160229274,430405.42322748643,1142.7190486554807,11.528905264859484,49281.47912385401,351988.1181618473,49658.129380742495,389320.8408566354,248.5751265978257,1841.8512272997937
213.4359747250011,435079.88902754383,1141.9047977079497,11.6473438969409,49722.05627600063,352078.5527175555,50103.0686772976,389432.9824379495,250.64181882643754,1840.485865491284
213.68685784770943,439792.6748724007,1141.0896633953898,11.766719108483247,50162.77851811898,352168.7269777506,50548.193169552476,389544.70840619534,252.7067795004401,1839.1240194330842
213.9377409704178,444543.98041231843,1140.2736412862039,11.887036265613947,50603.64693542188,352258.63967111736,50993.50421556564,389656.01698864624,254.770017957508,1837.765665368351
214.18862409312612,449334.0056028836,1139.4567269257514,12.008300760506105,51044.66261617393,352348.2895197566,51439.003177762985,389766.9064052269,256.8315435188436,1836.4107796241344
214.43950721583445,454162.9507032663,1138.6389158361114,12.130518011627489,51485.826651742325,352437.6752391027,51884.691422993696,389877.3748684123,258.8913654895162,1835.0593386103778
214.6903903385428,459031.0162744926,1137.8202035158458,12.25369346399288,51927.14013664712,352526.79553783993,52330.57032259049,389987.4205831243,260.94949315879046,1833.7113188189264
214.94127346125114,463938.40317773493,1137.0005854397568,12.377832589419933,52368.60416861366,352615.6491178187,52776.64125242804,390097.04174662894,263.0059358004699,1832.3666968225368
215.1921565839595,468885.3125726274,1136.1800570586443,12.502940886788767,52810.21984862189,352704.234673971,53222.90559298099,390206.2365484317,265.0607026732199,1831.0254492738868
215.44303970666783,473871.9459155917,1135.3586137990567,12.629023882304946,53251.98828096111,352792.5508942252,53669.36472938622,390315.0031701726,267.1138030209147,1829.687552904597
215.69392282937616,478898.5049581908,1134.536251063044,12.756087129766344,53693.91057328094,352880.5964594193,54116.020051501706,390423.3397855194,269.16524607296986,1828.3529845242413
215.94480595208452,483965.191745496,1133.712964227901,12.884136210833583,54135.98783664555,352968.3700432151,54562.87295396944,390531.2445600609,271.2150410446784,1827.0217210193716
216.19568907479285,489072.2086144742,1132.8887486459155,13.013176735304246,54578.221185586444,353055.8703120101,55009.92483627525,390638.715651199,273.2631971375511,1825.6937393525407
216.4465721975012,494219.75819240016,1132.0635996441058,13.143214341391019,55020.611738158215,353143.09592485003,55457.17710281419,390745.75120803935,275.3097235396574,1824.369016561328
216.69745532020954,499408.04339528014,1131.237512523961,13.274254696003528,55463.16061599106,353230.04553333874,55904.63116295036,390852.34937128087,277.35462942595933,1823.0475297573662
216.94833844291787,504637.2674263045,1130.410482561174,13.406303495034267,55905.86894434935,353316.7177815497,56352.28843108521,390958.50827310607,279.3979239586604,1821.7292561253728
217.19922156562623,509907.6337743143,1129.582505005373,13.539366463648383,56348.737852185615,353403.11130593484,56800.15032671876,391064.2260370674,281.4396162875449,1820.4141729221833
217.45010468833456,515219.3462122889,1128.7535750798513,13.673449356577459,56791.76847219678,353489.22473523335,57248.21827451557,391169.50077797496,283.47971555031666,1819.1022574757824
217.70098781104292,520572.6087958591,1127.92368798129,13.808557958417568,57234.96194088253,353575.05669038004,57696.49370437185,391274.3306017821,285.51823087294855,1817.793487184344
217.95187093375125,525967.6258618332,1127.092838879481,13.944698083931208,57678.31939860355,353660.6057844116,58144.97805148304,391378.71360547043,287.55517137002886,1816.487839515269
218.20275405645958,531404.6020267525,1126.2610229170443,14.081875578353644,58121.84198963744,353745.8706223741,58593.67275640805,391482.6478769333,289.59054614509915,1815.185292004223
218.45363717916794,536883.742185461,1125.4282352091418,14.220096317703408,58565.53086224084,353830.84980122716,59042.57926514129,391586.13149485824,291.62436429101325,1813.8858222541808
218.7045203018763,542405.251509698,1124.59447084319,14.359366209097072,59009.38716870722,353915.5419097495,59491.69902918026,391689.16252860834,293.6566348902785,1812.5894079344694
218.95540342458463,547969.335446714,1123.759724878566,14.499691191068479,59453.41206542688,353999.94552844204,59941.033505593885,391791.7390381031,295.6873670154065,1811.2960267798114
219.20628654729296,553576.1997179086,1122.9239923463115,14.64107723389242,59897.60671295013,354084.059229431,60390.58415709708,391893.8590736964,297.7165697292697,1810.0056565893715
219.4571696700013,559226.050317486,1122.0872682488332,14.7835303399127,60341.97227604595,354167.8815763694,60840.35245211772,391995.52067605586,299.7442520854465,1808.7182752258059
219.70805279270965,564919.093511137,1121.2495475595974,14.927056543874892,60786.509923766534,354251.4111243388,61290.339864871734,392096.7218760382,301.7704231285839,1807.4338606143092
219.958935915418,570655.5358347375,1120.4108252228245,15.071661913263586,61231.22082950983,354334.6464197486,61740.547875436256,392197.4606945656,303.7950918947479,1806.1523907416642
220.20981903812634,576435.5840930752,1119.5710961531756,15.217352548644454,61676.10617108243,354417.5860002353,62190.97796982192,392297.73514249985,305.818267411781,1804.873843655293
220.46070216083467,582259.4453585969,1118.730355235437,15.364134584011063,62121.16713076498,354500.22839456063,62641.6316400487,392397.54322051443,307.8399586996663,1803.5981974623082
220.71158528354303,588127.3269701753,1117.888597324201,15.51201418713645,62566.404895376894,354582.57212250854,63092.51038422261,392496.8829189675,309.86017477087984,1802.325430328566
220.96246840625136,594039.4365318997,1117.0458172435422,15.660997559929601,63011.82065634214,354664.61569478177,63543.61570660948,392595.7522177712,311.8789246307621,1801.0555204777177
221.21335152895972,599995.9819118946,1116.202009786689,15.811090938797049,63457.415609756594,354746.3576128958,63994.94911771604,392694.14908626134,313.8962172778761,1799.7884461902634
221.46423465166805,605997.1712411513,1115.357169715691,15.962300595009289,63903.19095645412,354827.79636907356,64446.51213436499,392792.07148306404,315.9120617043725,1798.5241858026066
221.71511777437638,612043.2129123939,1114.5112917610838,16.11463283507256,64349.14790207671,354908.9304461388,64898.30627977699,392889.5173559636,317.92646689636456,1797.262717706107
221.96600089708474,618134.3155789607,1113.6643706215466,16.268094001105652,64795.28765714107,354989.7583174065,65350.333083649304,392986.4846417655,319.9394418342863,1796.0040203461347
222.21688401979307,624270.6881537103,1112.816400963558,16.42269047122202,65241.61143711046,355070.278446575,65802.59408223744,393082.9712661611,321.9509954932759,1794.7480722211271
222.46776714250143,630452.5398079575,1111.967377421045,16.578428659917375,65688.12046246436,355150.48928761424,66255.09081843848,393178.97514358896,323.96113684354026,1793.4948518816384
222.71865026520976,636680.0799704201,1111.117294595025,16.735315018462465,66134.81595877084,355230.38928465545,66707.82484187187,393274.4941770956,325.96987485073964,1792.2443379293961
222.9695333879181,642953.5183262076,1110.266147053256,16.89335603530174,66581.69915675736,355309.9768718771,67160.7977089673,393369.5262581942,327.9772184763556,1790.9965090163562
223.22041651062645,649273.0648158184,1109.41392932986,17.05255823645727,67028.77129238461,355389.2504733918,67614.0109830455,393464.0692667216,329.9831766780762,1789.7513438437534
223.47129963333478,655638.9296341671,1108.560635924964,17.21292818593849,67476.03360692205,355468.2085031308,68067.4662344094,393558.1210706953,331.9877584101821,1788.5088211611546
223.72218275604314,662051.323229641,1107.7062613043208,17.374472486157867,67923.48734702008,355546.84936472727,68521.16504042748,393651.6795261661,333.9909726239232,1787.2689197655143
223.97306587875147,668510.4563031718,1106.8507998989314,17.537197778352123,68371.13376478846,355625.1714513987,68975.10898562567,393744.74247707165,335.99282826790994,1786.0316185002177
224.2239490014598,675016.5398073422,1105.9942461046612,17.701110743009753,68818.9741178708,355703.1731458281,69429.29966177321,393837.30775508744,337.99333428850116,1784.7968962541393
224.47483212416816,681569.7849455108,1105.1365942818484,17.866218100304355,69267.00966952513,355780.85282004316,69883.73866797786,393929.3731794748,339.9924996302011,1783.564731960687
224.7257152468765,688170.4031709617,1104.2778387549126,18.032526610534163,69715.24168869974,355858.20883529494,70338.42761077377,394020.93655693013,341.9903332360473,1782.3351045968536
224.97659836958485,694818.6061860874,1103.417973811951,18.20004307456793,70163.67145011504,355935.2395419344,70793.36810421731,394111.99568142934,343.98684404801133,1781.1079931822578
225.22748149229318,701514.605941587,1102.5569937043351,18.368774334296972,70612.30023434237,356011.94327928824,71248.56176997907,394202.548334072,345.98204100739645,1779.8833767781978
225.4783646150015,708258.6146356998,1101.6948926462987,18.538727273093862,71061.12932788812,356088.31837553286,71704.01023744223,394292.5922829238,347.97593305524606,1778.6612344866855
225.72924773770987,715050.8447134582,1100.8316648145214,18.709908816277498,71510.16002327384,356164.3631475668,72159.71514379639,394382.1252828565,349.9685291327409,1777.4415454494945
225.98013086041823,721891.5088659683,1099.9673043477044,18.882325931584866,71959.3936191216,356240.0759008822,72615.67813413666,394471.1450753869,351.95983818161403,1776.224288847198
226.23101398312656,728780.8200297194,1099.1018053461446,19.055985629649612,72408.83142023839,356315.454929434,73071.90086156334,394559.649388512,353.94986914455825,1775.0094438982087
226.4818971058349,735718.9913859186,1098.2351618712964,19.230894964487472,72858.47473770285,356390.49851550837,73528.38498728244,394647.63593654486,355.9386309656466,1773.7969898578085
226.73278022854325,742706.2363598526,1097.3673679453336,19.40706103398865,73308.3248889505,356465.2049295891,73985.13218070622,394735.1024199462,357.9261325907403,1772.5869060171901
226.98366335125158,749742.7686202723,1096.4984175507018,19.584490980417208,73758.38319786385,356539.57243022264,74442.14411955792,394822.0465251555,359.9123829679203,1771.379171702482
227.23454647395994,756828.8020788141,1095.6283046296637,19.7631919909179,74208.65099486052,356613.5992638811,74899.42248997517,394908.46592441894,361.89739104790317,1770.173766273778
227.48542959666827,763964.5508894374,1094.7570230838414,19.94317129803003,74659.12961698441,356687.283664824,75356.9689866169,394994.35827561555,363.88116578447483,1768.970669124165
227.7363127193766,771150.2294478995,1093.8845667737485,20.124436180209035,75109.82040799713,356760.62385495816,75814.78531276964,395079.7212220818,365.86371613491866,1767.7698596787443
227.98719584208496,778386.0523912528,1093.0109295183165,20.30699396235548,75560.72471847126,356833.6180436964,76272.87318045789,395164.5523924334,367.84505106045026,1766.5713173936497
228.2380789647933,785672.2345973682,1092.136105094418,20.490852016351706,76011.8439058835,356906.26442781277,76731.23431055208,395248.84940038476,369.82517952665654,1765.3750217550657
228.48896208750165,793008.9911844962,1091.2600872363766,20.67601776160652,76463.17933471144,356978.5611912986,77189.87043288248,395332.6098445668,371.80411050393764,1764.1809522782398
228.73984521020998,800396.5375108432,1090.382869635474,20.86249866560757,76914.73237652938,357050.5065052142,77648.78328635165,395415.83130834124,373.7818529679524,1762.989088506493
228.9907283329183,807835.0891741898,1089.50444593945,21.05030224448206,77366.5044101066,357122.0985275404,78107.97461904824,395498.51135961484,375.7584159000705,1761.7994100102235
229.24161145562667,815324.8620115294,1088.6248097519936,21.23943606356556,77818.49682150685,357193.33540302736,78567.44618836619,395580.6475506482,377.733808287822,1760.6118963859096
229.492494578335,822866.0720987353,1087.7439546322257,21.429907737979093,78270.7110041887,357264.2152630418,79027.19976111906,395662.2374178647,379.7080391253586,1759.4265272551088
229.74337770104336,830458.9357502668,1086.8618740941793,21.62172493321502,78723.14835910794,357334.73622541176,79487.23711366298,395743.27848165535,381.6811174139142,1758.243282263447
229.9942608237517,838103.669518892,1085.9785616062643,21.81489536573126,79175.81029482116,357404.89639427024,79947.56003201578,395823.7682461818,383.6530521622747,1757.0621410796143
230.24514394646002,845800.490195452,1085.094010590731,22.00942680355457,79628.69822758962,357474.6938598958,80408.17031198052,395903.7041991768,385.6238523872396,1755.8830833943434
230.49602706916838,853549.6148086493,1084.2082144231235,22.205327066892664,80081.81358148785,357544.12669855176,80869.06975927169,395983.08381174196,387.5935271141115,1754.7060889193924
230.7469101918767,861351.2606248631,1083.3211664317225,22.40260402875535,80535.15778850879,357613.1929723226,81330.26018963897,396061.9045381412,389.5620853771609,1753.5311373865188
230.99779331458507,869205.6451480072,1082.4328598969832,22.601265615585227,80988.73228867556,357681.8907289496,81791.74342899771,396140.1638155959,391.5295362201237,1752.3582085464504
231.2486764372934,877112.9861194037,1081.5432880509634,22.801319807897492,81442.53853015088,357750.21800166176,82253.52131355854,396217.85906407103,393.49588869667963,1751.187282167849
231.49955956000173,885073.501517702,1080.6524440767428,23.002774640929584,81896.57796934998,357818.1728090071,82715.59568995847,396294.9876860636,395.46115187095415,1750.018338036267
231.7504426827101,893087.4095588196,1079.7603211078326,23.205638205300534,82350.85207105555,357885.75315467996,83177.9684153963,396371.54706638644,397.4253348180158,1748.8513559531045
232.00132580541842,901154.9286959154,1078.866912227579,23.409918647680097,82805.36230853155,357952.95702734694,83640.64135776593,396447.5345719476,399.3884466243765,1747.6863157345533
232.25220892812678,909276.2776194031,1077.9722104685538,23.615624171468347,83260.11016364318,358019.7824004693,84103.61639579733,396522.9475515287,401.3504963885086,1746.523197210541
232.5030920508351,917451.6752569843,1077.076208811939,23.822763037485185,83715.09712697373,358086.2272321238,84566.89541919385,396597.7833355601,403.3114932213523,1745.3619802236626
232.75397517354344,925681.3407737272,1076.1789001869006,24.03134356467066,84170.32469794691,358152.28946482134,85030.48032877441,396672.03923589125,405.2714462468424,1744.2026446281116
233.0048582962518,933965.4935721682,1075.2802774699508,24.24137413079578,84625.79438494878,358217.9670253221,85494.3730366185,396745.7125455594,407.2303646024312,1743.0451702885987
233.25574141896016,942304.3532924493,1074.3803334843042,24.45286317318419,85081.50770545196,358283.2578244481,85958.5754662107,396818.80053855473,409.18825743961816,1741.8895370792704
233.5066245416685,950698.1398124909,1073.479060999221,24.66581918944499,85537.46618614318,358348.1597568944,86423.08955259009,396891.300469582,411.1451339244956,1740.7357248826113
233.75750766437682,959147.0732481998,1072.5764527293418,24.88025073821687,85993.67136304962,358412.67070103606,86887.91724249946,396963.2095738182,413.1010032382827,1739.5837135883482
234.00839078708518,967651.3739537058,1071.672501334009,25.096166439923568,86450.12478166992,358476.7885187334,87353.06049453845,397034.5250666684,415.05587457788135,1738.4334830923408
234.2592739097935,976211.2625216331,1070.7671994165817,25.313574977541037,86906.82799710643,358540.51105513336,87818.52127931884,397105.24414351594,417.0097571564313,1737.2850132954661
234.51015703250187,984826.9597834159,1069.860539523737,25.5324850973767,87363.78257419882,358603.8361384698,88284.30157962153,397175.3639794711,418.96266020387316,1736.1382841024954
234.7610401552102,993498.6868096325,1068.9525141447616,25.752905609860527,87820.99008765929,358666.7615798587,88750.40339055462,397244.881729114,420.9145929675138,1734.9932754209606
235.01192327791853,1002226.6649103925,1068.0431157108292,25.974845390348776,88278.45212221191,358729.2851730919,89216.82871971774,397313.7945262362,422.8655647126066,1733.849967160016
235.26280640062689,1011011.1156357472,1067.1323365942708,26.198313379940053,88736.17027273186,358791.4046944272,89683.57958736477,397382.09948357614,424.8155847229325,1732.708339229287
235.51368952333522,1019852.2607761369,1066.2201691078312,26.42331858630425,89194.14614438842,358853.1179023757,90150.65802657229,397449.7936925523,426.76466230138936,1731.5683715377127
235.76457264604358,1028750.3223628848,1065.306605503912,26.649870084524693,89652.38135278877,358914.42253748514,90618.06608340776,397516.8742229914,428.71280677058917,1730.4300439923773
236.0154557687519,1037705.5226687107,1064.391637973803,26.87797701795324,90110.87752412488,358975.3163221214,91085.80581710151,397583.33812285325,430.6600274734609,1729.2933364973323
236.26633889146024,1046718.084208303,1063.4752586469062,27.107648599079468,90569.63629532274,359035.7969602453,91553.87930022349,397649.1824179513,432.6063337738654,1728.1582289524115
236.5172220141686,1055788.2297389077,1062.5574595899373,27.33889411041311,91028.65931419376,359095.86213718686,92022.2886188588,397714.40411166876,434.55173505721206,1727.0247012520267
236.76810513687693,1064916.1822609634,1061.6382328061238,27.571722905380817,91487.94823958774,359155.50951941573,92491.03587278877,397779.0001846703,436.4962407310851,1725.8927332839703
237.01898825958529,1074102.1650187834,1060.7175702343852,27.806144409237394,91947.50474154952,359214.73675430863,92960.12317567378,397842.9675946101,438.4398602258802,1724.7623049281844
237.26987138229362,1083346.4015012586,1059.7954637484993,28.042168119991373,92407.33050147713,359273.54146991245,93429.55265524008,397906.3032758349,440.3826029954475,1723.633396055541
237.52075450500195,1092649.1154426155,1058.871905156257,28.279803609345763,92867.42721228368,359331.92127470445,93899.32645346825,397969.00413908187,442.324478517744,1722.5059865265946
237.7716376277103,1102010.5308232056,1057.9468861986015,28.5190605236538,93327.79657855946,359389.87375734793,94369.4467267845,398031.06707117375,444.2654962954902,1721.3800561903324
238.02252075041864,1111430.871870331,1057.0203985487535,28.75994858489014,93788.44031673977,359447.39648644533,94839.91564625646,398092.4889347069,446.2056658568445,1720.2555848829065
238.273403873127,1120910.3630591226,1056.0924338113216,29.002477591638186,94249.36015527329,359504.48701028567,95310.73539779204,398153.2665677361,448.1449967560766,1719.132552426359
238.52428699583533,1130449.229113445,1055.1629835213994,29.246657420093005,94710.55783479312,359561.1428565901,95781.90818233886,398213.39678345434,450.0834985742557,1718.010938627334
238.77517011854366,1140047.6950068537,1054.2320391436447,29.49249802508115,95172.03510829159,359617.3615322515,96253.43621608995,398272.8763698664,452.02118091994635,1716.89072327577
239.02605324125201,1149705.9859635874,1053.2995920713452,29.74000944109696,95633.79374129797,359673.14052307105,96725.32173069214,398331.70208945835,453.95805342991565,1715.7718861435862
239.27693636396035,1159424.327459601,1052.3656336254671,29.989201783355846,96095.83551205794,359728.47729349084,97197.56697345608,398389.8706788621,455.8941257698464,1714.6544069833565
239.5278194866687,1169202.9452236504,1051.4301550536898,30.240085248865398,96558.16221171714,359783.3692863205,97670.17420757229,398447.37884851306,457.8294076350649,1713.5382655269595
239.77870260937704,1179042.065238407,1050.49314752942,30.492670117513732,97020.77564450722,359837.81392246194,98143.1457123285,398504.22328230384,459.7639087512756,1712.4234414842265
240.02958573208537,1188941.9137416289,1049.5546021507932,30.74696675317645,97483.67762793449,359891.80860062735,98616.48378333158,398560.40063723194,461.6976388753052,1711.3099145415642
240.28046885479372,1198902.7172273656,1048.6145099396547,31.002985604841776,97946.86999297357,359945.35069705395,99090.19073273381,398615.90754304145,463.6306077958637,1710.1976643605694
240.53135197750208,1208924.7024472123,1047.6728618405261,31.26073720775458,98410.35458426145,359998.4375652135,99564.2688894614,398670.7406018586,465.5628253343067,1709.0866705766277
240.7822351002104,1219008.0964116063,1046.7296487195501,31.520232184579815,98874.13326029712,360051.0665355173,100038.72059944736,398724.89638782275,467.49430134541774,1707.97691279749
241.03311822291874,1229153.1263911754,1045.7848613634203,31.78148124658552,99338.20789364446,360103.234915016,100513.54822587008,398778.3714467102,469.42504571819956,1706.8683706018403
241.2840013456271,1239360.0199181247,1044.8384904782909,32.04449519484582,99802.58037113665,360154.93998709484,100988.75414939316,398831.16229555133,471.3550683766708,1705.7610235378431
241.53488446833543,1249629.0047876693,1043.8905266886668,32.30928492146435,100267.25259408503,360206.1790111637,101464.34076840914,398883.2654222433,473.28437928068155,1704.6548511216768
241.7857675910438,1259960.3090595251,1042.940960536275,32.57586141081876,100732.2264784943,360256.9492223416,101940.31049929248,398934.67728515423,475.21298842674463,1703.5498328360402
242.03665071375212,1270354.1610594327,1041.9897824789152,32.84423574082627,101197.50395527598,360307.2478311362,102416.6657766496,398985.39431272243,477.14090584886617,1702.4459481286572
242.28753383646045,1280810.7893807418,1041.036982889292,33.114419084231244,101663.08697046986,360357.07202311803,102893.40905357798,399035.4129030474,479.0681416193985,1701.3431764107474
242.5384169591688,1291330.4228860387,1040.0825520538215,33.38642270991481,102128.97748546777,360406.4189585886,103370.54280192872,399084.7294234755,480.99470584990877,1700.2414970554862
242.78930008187714,1301913.2907088182,1039.126480171424,33.66025798422713,102595.17747724165,360455.285772244,103848.06951257316,399133.34021017724,482.9206086920496,1699.1408893964447
243.0401832045855,1312559.6222552224,1038.1687573522881,33.93593637234306,103061.68893857446,360503.6695728309,104325.9916956741,399181.2415677185,484.8458603384553,1698.0413327260078
243.29106632729383,1323269.6472058066,1037.2093736166162,34.21346943964112,103528.5138782964,360551.5674427988,104804.31188096161,399228.4297686234,486.7704710236419,1696.9428062937736
243.54194945000216,1334043.59551738,1036.2483188933452,34.49286885310703,103995.65432152587,360598.9764379443,105283.03261801548,399274.9010529307,488.69445102493313,1695.8452893049307
243.79283257271052,1344881.6974248835,1035.2855830188464,34.774146382761586,104463.11230991229,360645.8935870505,105762.15647654986,399320.65162774175,490.6178106633873,1694.7487609186155
244.04371569541885,1355784.18344332,1034.3211557356005,35.05731390311374,104930.88990188495,360692.3158915198,106241.68604670398,399365.67766676116,492.54056030474777,1693.653200246246
244.2945988181272,1366751.2843697527,1033.3550266908464,35.34238339463978,105398.98917290664,360738.2403249997,106721.6239393395,399409.9753098291,494.4627103604102,1692.558586349836
244.54548194083554,1377783.2312853367,1032.3871854352092,35.62936694528829,105867.41221573029,360783.66383300244,107201.97278634048,399453.5406624457,496.38427128839686,1691.4648982402834
244.79636506354387,1388880.2555574242,1031.4176214212991,35.91827675201248,106336.16114066188,360828.5833325189,107682.73524092128,399496.36979528685,498.3052535943562,1690.3721148756365
245.04724818625223,1400042.5888417151,1030.4463240022862,36.20912512232963,106805.23807582757,360872.9957116231,108163.91397793914,399538.45874371193,500.22566783257366,1689.280215159334
245.29813130896056,1411270.4630844616,1029.4732824304494,36.5019244759086,107274.64516744351,360916.89782907255,108645.51169420988,399579.80350726226,502.14552460699656,1688.189177938426
245.54901443166892,1422564.1105247436,1028.498485855695,36.796687346186395,107744.38458009536,360960.28651389945,109127.53110883432,399620.40004915156,504.0648345722875,1687.0989820017612
245.79989755437725,1433923.7636967818,1027.5219233240523,37.093426382013384,108214.45849701788,361003.1585649952,109609.97496352588,399660.24429574586,505.98360843487933,1686.0096060781586
246.05078067708558,1445349.655432331,1026.5435837761372,37.392154349329175,108684.86912038225,361045.51075068745,110092.84602294643,399699.3321360353,507.90185695406075,1684.9210288345403
246.30166379979394,1456842.0188631183,1025.5634560455871,37.69288413286862,109155.61867158966,361087.3398083096,110576.14707504936,399737.6594210965,509.81959094307695,1683.833228874048
246.55254692250227,1468401.0874233409,1024.5815288574688,37.99562873789918,109626.70939156662,361128.64244376187,111059.88093142539,399775.221963544,511.7368212702416,1682.746184734126
246.80343004521063,1480027.0948522415,1023.5977908266523,38.30040129199069,110098.14354107018,361169.4153310652,111544.05042765808,399812.01553697325,513.6535588600823,1681.6598748845765
247.05431316791896,1491720.275196722,1022.6122304561566,38.60721504681716,110569.92340099589,361209.65511190577,112028.6584236853,399848.03587539215,515.5698146944923,1680.5742777255864
247.3051962906273,1503480.8628140427,1021.6248361354619,38.91608337999284,111042.05127269244,361249.35839517246,112513.70780416574,399883.278672643,517.4855998139103,1679.4893715857222
247.55607941333565,1515309.092374572,1020.6355961387899,39.22701979694186,111514.52947828278,361288.5217564845,112999.20147885509,399917.7395818138,519.4009253185166,1678.405134719899
247.806962536044,1527205.1988646016,1019.6444986233508,39.54003793280316,111987.36036098943,361327.1417377113,113485.14238298495,399951.4142146378,521.315802369453,1677.3215453073092
248.05784565875234,1539169.4175892314,1018.6515316275576,39.85515155437119,112460.54628546945,361365.2148464825,113971.53347765493,399984.2981408834,523.2302421900661,1676.2385814493284
248.30872878146067,1551201.984175326,1017.6566830692005,40.17237456207339,112934.08963815184,361402.73755568935,114458.3777502262,400016.3868877307,525.1442560671651,1675.156221167383
248.559611904169,1563303.1345745267,1016.6599407435932,40.49172099198482,113407.99282758466,361439.70630297624,114945.67821472726,400047.67593913904,527.057855352313,1674.0744424007823
248.81049502687736,1575473.1050663416,1015.6612923216765,40.81320501788146,113882.25828478577,361476.1174902232,115433.43791226285,400078.1607351994,528.9710514631306,1672.9932230045217
249.06137814958572,1587712.132261301,1014.6607253480864,41.13684095333246,114356.88846360413,361511.9674830178,115921.65991143625,400107.8366714777,530.8838558846321,1671.9125407470435
249.31226127229405,1600020.4531041852,1013.6582272391861,41.46264325383278,114831.88584108464,361547.2526101175,116410.34730877477,400136.6990983433,532.7962801705822,1670.8323733079678
249.56314439500238,1612398.3048773305,1012.6537852810542,41.79062651897692,115307.25291784164,361581.96916290093,116899.50322916571,400164.74332028633,534.7083359448759,1669.752698275779
249.8140275177107,1624845.9252039962,1011.6473866274372,42.120805494674535,115782.99221844041,361616.11339481024,117389.13082630133,400191.96459522063,536.620034902948,1668.6734931454794
250.06491064041907,1637363.552051817,1010.6390182976579,42.45319507540927,116259.10629178458,361649.68152078,117879.23328313089,400218.3581337742,538.5313888132087,1667.5947353162005
250.31579376312743,1649951.4237363203,1009.6286671744837,42.7878103065416,116735.59771151225,361682.6697166576,118369.81381232261,400243.9190985656,540.4424095184995,1666.5164020887757
250.56667688583576,1662609.7789245315,1008.6163200019492,43.12466638665683,117212.46907640024,361715.07411861076,118860.87565673527,400268.64260346646,542.3531089375867,1665.4384706632702
250.8175600085441,1675338.856638652,1007.6019633831378,43.46377866995948,117689.72301077498,361746.8908225238,119352.4220898969,400292.52371284994,544.2634990666745,1664.3609181364668
251.06844313125245,1688138.8962598161,1006.5855837779142,43.805162668714814,118167.36216493374,361778.11588338146,119844.4564164965,400315.55744082294,546.1735919809535,1663.2837214993144
251.31932625396078,1701010.1375319231,1005.5671675006145,44.14883405573869,118645.38921557227,361808.7453146423,120336.98197288146,400337.73875044554,548.0833998361726,1662.2068576343224
251.57020937666914,1713952.8205655664,1004.5467007176851,44.49480866693774,119123.80686622253,361838.7750875972,120830.00212756889,400359.06255293335,549.9929348702465,1661.1303033129195
251.82109249937747,1726967.1858420265,1003.5241694452754,44.8431025038995,119602.61784769876,361868.2011307164,121323.52028176429,400379.52370684396,551.9022094048938,1660.0540351927575
252.0719756220858,1740053.4742173662,1002.4995595467786,45.19373173653553,120081.82491855256,361897.0193289836,121817.53986989273,400399.1170172492,553.8112358473035,1658.9780298149703
252.32285874479416,1753211.9269266017,1001.472856730323,45.5467127057774,120561.43086553767,361925.2255232155,122312.06436013937,400417.8372348882,555.7200266918369,1657.9022636013838
252.57374186750252,1766442.7855879583,1000.4440465462086,45.902061926327505,121041.43850408403,361952.81550936896,122807.09725500169,400435.6790553048,557.628594521765,1656.8267128516738
252.82462499021085,1779746.2922072245,999.4131143842923,46.25979608946609,121521.85067878173,361979.7850378328,123302.64209185373,400452.6371179675,559.5369520110353,1655.7513537404739
253.07550811291918,1793122.689182194,998.380045471316,46.61993206591581,122002.6702638745,362006.12981270556,123798.7024435195,400468.7060053714,561.4451119260771,1654.6761623144257
253.3263912356275,1806572.2193071924,997.3448248681782,46.98248690876494,122483.90016376614,362031.84549105907,124295.28191886359,400483.8802421221,563.3530871276486,1653.6011144891802
253.57727435833587,1820095.1257777084,996.3074374671488,47.34747785645135,122965.54331353198,362056.9276821853,124792.38416338521,400498.15429399966,565.2608905727049,1652.5261860463372
253.82815748104423,1833691.6521951074,995.2678679890228,47.714922335808026,123447.60267944804,362081.37194682955,125290.01285983525,400511.5225670056,567.1685353163246,1651.451352630333
254.07904060375256,1847362.042571451,994.2261009802106,48.084837965172404,123930.08125952633,362105.1737964054,125788.17172883714,400523.97940638755,569.0760345136629,1650.3765897452643
254.3299237264609,1861106.5413344204,993.1821208097765,48.45724255756107,124412.98208406272,362128.3286921953,126286.86452952704,400535.51909564546,570.9834014219423,1649.30187275165
254.58080684916922,1874925.3933323263,992.135911666395,48.83215412391056,124896.3082161985,362150.8320445333,126786.09506020388,400546.13585551694,572.8906494024991,1648.2271768631376
254.83168997187758,1888818.8438392286,991.0874575552566,49.20959087638738,125380.06275249114,362172.6792119702,127285.86715899479,400555.8238429399,574.7977919228575,1647.1524771431398
255.08257309458594,1902787.1385601584,990.0367422948981,49.58957123176791,125864.2488234996,362193.8655004221,127786.18470453512,400564.5771499956,576.7048425588542,1646.0777485014053
255.33345621729427,1916830.5236364456,988.9837495139654,49.97211381489061,126348.8695943801,362214.3861622996,128287.05161666135,400572.38980282744,578.611814996804,1645.0029656905274
255.5843393400026,1930949.2456511608,987.9284626479047,50.357237462182404,126833.92826549843,362234.23639561905,128788.4718571219,400579.25576053705,580.5187230357208,1643.9281033023767
255.83522246271093,1945143.551634656,986.8708649355789,50.74496122526065,127319.42807305108,362253.4113430943,129290.44943029968,400585.16891405836,582.4255805895699,1642.8531357644665
256.0861055854193,1959413.6890702264,985.810939415811,51.13530437461348,127805.37228970435,362271.90609120973,129792.98838395377,400590.1230850054,584.3324016895843,1641.7780373362443
256.33698870812765,1973759.9058998704,984.74866892385,51.52828640335958,128291.76422524326,362289.71566927107,130296.09280997414,400594.11202449683,586.2392004866175,1640.7027821053098
256.587871830836,1988182.450530196,983.6840360877537,51.92392703109108,128778.60722724014,362306.83504843817,130799.76684515718,400597.12941195397,588.1459912535612,1639.6273439835522
256.8387549535443,2002681.5718384138,982.6170233246955,52.32224620779993,129265.90468173209,362323.2591407341,131304.0146719929,400599.16885387374,590.0527883877984,1638.5516967032102
257.08963807625264,2017257.5191784666,981.547612837183,52.72326411789127,129753.66001391922,362338.9827980342,131808.84051947593,400600.22388257325,591.959606413727,1637.4758138128534
257.340521198961,2031910.542387283,980.4757866091923,53.1270011842859,130241.87668887415,362354.0008110316,132314.2486639278,400600.2879549085,593.866459985329,1636.399668673274
257.59140432166936,2046640.891791137,979.4015264022144,53.533478072613555,130730.5582122706,362368.3079081808,132820.24342984383,400599.3544509636,595.7733638887971,1635.3232344533005
257.8422874443777,2061448.8182121706,978.3248137512084,53.94271569550108,131219.70813112694,362381.89875461545,133326.82919075555,400597.4166727114,597.680333045224,1634.2464841255123
258.093170567086,2076334.572975012,977.2456299604638,54.35473521695601,131709.33003456736,362394.7679510455,133834.01037011336,400594.46784264385,599.5873825133481,1633.1693904618758
258.34405368979435,2091298.4079135435,976.163956099365,54.76955805684992,132199.4275546004,362406.9100326252,134341.79144218983,400590.5011023724,601.4945274923634,1632.0919260292771
258.59493681250274,2106340.575377804,975.0797729980579,55.18720589550336,132690.0043669145,362418.31946779875,134850.17693300275,400585.50951119664,603.4017833247897,1631.0140631849654
258.84581993521107,2121461.328241015,973.9930612430151,55.607700678375274,133181.06419169434,362428.9906571182,135359.1714212609,400579.4860446395,605.3091654994131,1629.9357740718947
259.0967030579194,2136660.919906774,972.9038011724953,56.03106462086076,133672.61079445333,362438.9179320337,135868.77953933005,400572.42359295016,607.2166896542876,1628.8570306139618
259.34758618062773,2151939.60431637,971.811972871897,56.45732021319871,134164.64798688755,362448.09555365716,136379.00597422227,400564.3149595738,609.1243715798112,1627.7778045111459
259.59846930333606,2167297.635956247,970.7175561690009,56.886490225493446,134657.17962774896,362456.51771149714,136889.85546860786,400555.1528595834,611.032227221869,1626.6980672345358
259.84935242604445,2182735.2698656293,969.6205306290987,57.31859771285359,135150.20962373982,362464.17852216255,137401.33282185238,400544.9299180774,612.9402726850542,1625.6177900212494
260.1002355487528,2198252.7616442763,968.5208755500059,57.753666020650634,135643.74193042683,362471.07202803873,137913.4428910755,400533.6386685402,614.8485242359551,1624.5369438692371
260.3511186714611,2213850.367460427,967.4185699569517,58.19171878990223,136137.78055318017,362477.19219593063,138426.19059223772,400521.2715511633,616.756998306536,1623.455499531971
260.60200179416944,2229528.3440588703,966.3135925973496,58.632779962781974,136632.32954813106,362482.53291567403,138939.58090125123,400507.820911128,618.6657114975767,1622.3734275130137
260.85288491687777,2245286.9487691973,965.2059219354351,59.07687378826059,137127.39302315598,362487.0879987145,139453.61885511814,400493.278996847,620.5746805822131,1621.290698060457
261.10376803958616,2261126.4395142114,964.0955361467767,59.52402482788203,137622.97513888244,362490.85117665236,139968.30955309546,400477.63795816473,622.4839225095494,1620.2072811612456
261.3546511622945,2277047.0748184966,962.9824131126497,59.97425796167776,138119.08010972003,362493.81609975157,140483.6581578885,400460.8898445152,624.3934544083634,1619.1231465353553
261.6055342850028,2293049.1138171917,961.8665304142713,60.42759839422508,138615.71220491792,362495.9763354149,140999.66989687496,400443.02660303464,626.3032935909026,1618.0382636298477
261.85641740771115,2309132.816264904,960.7478653268931,60.88407166085142,139112.87574964494,362497.3253666197,141516.35006335512,400424.04007662955,628.2134575567644,1616.952601612778
262.1073005304195,2325298.4425448226,959.6263948137441,61.3437036339906,139610.57512610112,362497.8565903173,142033.70401783637,400403.92200199823,630.1239639968833,1615.8661293669632
262.35818365312787,2341546.2536780164,958.5020955198239,61.80652052969524,140108.81477465338,362497.5633157924,142551.737189349,400382.6640076039,632.0348307976067,1614.7788154836016
262.6090667758362,2357876.5113328947,957.3749437655393,62.27254891430912,140607.59919500008,362496.4387629828,143070.4550767918,400360.25761159736,633.9460760448734,1613.6906282557418
262.8599498985445,2374289.4778349097,956.2449155401772,62.74181571130628,141106.93294736627,362494.47606075596,143589.86325031458,400336.69421969034,635.8577180285004,1612.6015356715902
263.11083302125286,2390785.4161764025,955.1119864952127,63.21434820829963,141606.82065372798,362491.6682451449,144109.96735273383,400311.9651229746,637.7697752465717,1611.5115054076637
263.3617161439612,2407364.5900266827,953.9761319374466,63.69017406422577,142107.26699906838,362488.00825753825,144630.77310098475,400286.06149568886,639.6822664099424,1610.420504821768
263.6125992666696,2424027.2637423044,952.8373268219635,64.16932131671113,142608.27673266514,362483.4889428257,145152.28628760908,400258.9743929272,641.5952104468524,1609.328500945813
263.8634823893779,2440773.702377535,951.6955457449116,64.65181838962418,143109.8546694109,362478.1030474958,145674.51278228153,400230.6947482924,643.5086265076586,1608.2354604784448
264.11436551208624,2457604.1716950773,950.5507629360893,65.13769410082143,143612.00569116988,362471.84321768594,146197.45853337683,400201.21337148873,645.4225339696937,1607.141349777494
264.36524863479457,2474518.938176972,949.4029522513417,65.62697767009095,144114.73474816637,362464.7019971829,146721.12956957397,400170.52094585466,647.336952442243,1606.0461348522447
264.6161317575029,2491518.269035743,948.2520871647565,66.11969872730096,144618.04686041182,362456.67182537075,147245.53200150473,400138.60802582995,649.2519017716509,1604.9497813554974
264.8670148802113,2508602.4322257764,947.0981407606516,66.61588732076011,145121.9471191696,362447.74503512675,147770.67202344516,400105.46503436175,651.16740204657,1603.8522545754424
265.1178980029196,2525771.6964549073,945.9410857253515,67.11557392579498,145626.4406884562,362437.9138506624,148296.55591504896,400071.08226024004,653.0834736033321,1602.753519427317
265.36878112562795,2543026.331196292,944.7808943387427,67.61878945355365,146131.53280658493,362427.1703853076,148823.19004312987,400035.4498553661,655.0001370314769,1601.6535404448578
265.61966424833633,2560366.6067004907,943.6175384656017,68.12556526004036,146637.22878774887,362415.5066392367,149350.58086348913,399998.557831948,656.9174131794163,1600.552281771525
265.8705473710446,2577792.794007794,942.4509895466907,68.6359331553901,147143.53402364772,362402.9144971357,149878.73492279227,399960.3960596246,658.8353231602541,1599.4497071515068
266.121430493753,2595305.1649608696,941.2812185896069,69.14992541339187,147650.45398515693,362389.3857258044,150407.65886049642,399920.95426251093,660.753888357762,1598.345779920481
266.3723136164613,2612903.992217572,940.1081961593868,69.66757478126497,148157.9942240448,362374.91197169846,150937.35941083072,399880.22201616754,662.6731304325203,1597.240462996142
266.62319673916966,2630589.549264126,938.9318923688479,70.18891448970196,148666.16037473286,362359.48475840176,151467.84340482703,399838.1887444862,664.5930713282161,1596.1337188684715
266.87407986187804,2648362.110428518,937.7522768686645,70.7139782631827,149174.95815610865,362343.0954840327,151999.1177724113,399794.84371649486,666.5137332781261,1595.0255095897526
267.1249629845864,2666221.9508941867,936.5693188371696,71.24280033057003,149684.39337338478,362325.7354185783,152531.18954454752,399750.17604307353,668.4351388117663,1593.9157967643182
267.3758461072947,2684169.3467140277,935.3829869698653,71.77541543599787,150194.47192001305,362307.3957011573,153064.065855444,399704.1746735828,670.357310761738,1592.8045415380175
267.62672923000304,2702204.5748246657,934.1932494686482,72.31185885005907,150705.19977964947,362288.0673372056,153597.75394481988,399656.828392398,672.2802722707514,1591.6917045874043
267.87761235271137,2720327.913061048,933.0000740307188,72.85216638130493,151216.58302817633,362267.7411955856,154132.26116023544,399608.1258153507,674.2040467988586,1590.577246108623
268.12849547541975,2738539.640171366,931.8034278371855,73.3963743880669,151728.62783577983,362246.4080056142,154667.5949594872,399558.05538606853,676.128658130878,1589.4611258059945
268.3793785981281,2756840.0358322323,930.603277541331,73.94451979060955,152241.34046908838,362224.0583540069,155203.76291307108,399506.6053722151,678.0541303840434,1588.3433028802797
268.6302617208364,2775229.380664271,929.399589256549,74.49664008362971,152754.7272933729,362200.682681738,155740.77270671807,399453.7638616249,679.9804880158637,1587.2237360166278
268.88114484354475,2793707.9562479923,928.1923285439302,75.05277334911071,153268.79477480703,362176.27128080826,156278.63214399817,399399.51875832584,681.9077558322064,1586.102383372169
269.1320279662531,2812276.0451400364,926.981460399485,75.61295826954563,153783.54948279596,362150.8142909233,156817.34914900287,399343.8577784538,683.835958995619,1584.9792025632767
269.38291108896146,2830933.93088976,925.7669492409905,76.17723414154214,154298.99809237284,362124.3016960751,157356.93176910497,399286.7684460454,685.7651230338946,1583.8541506524466
269.6337942116698,2849681.8980561723,924.5487588944504,76.7456408898218,154815.1473866638,362096.72332102474,157897.38817779714,399228.2380887136,687.6952738488831,1582.7271841348222
269.8846773343781,2868520.232225283,923.3268525801507,77.31821908162974,155332.00425942897,362068.0688276835,158438.72667761648,399168.253833197,689.6264377255712,1581.5982589243142
270.13556045708646,2887449.220027801,922.1011928983012,77.8950099415671,155849.5757176763,362038.32771138765,158980.95570315508,399106.80260077806,691.5586413414228,1580.4673303393276
270.3864435797948,2906469.14915724,920.871741814247,78.47605536686295,156367.86888435332,362007.48929706303,159524.08382415707,399043.87110256986,693.4919117759994,1579.3343530880663
270.6373267025032,2925580.308388432,919.6384606432279,79.06139794310158,156886.89100112245,361975.5427352767,160068.11974871324,398979.4458346616,695.4262765208787,1578.1992812534088
270.8882098252115,2944782.9875964294,918.4013100346773,79.65108096042016,157406.6494312179,361942.47699817055,160613.07232654802,398913.5130731201,697.3617634898616,1577.0620682773367
271.13909294791983,2964077.4777758787,917.1602499560364,80.24514843019729,157927.15166239193,361908.2808752721,161158.95055240925,398846.0588688444,699.2984010295031,1575.9226669448938
271.38997607062817,2983464.0710607874,915.9152396760719,80.84364510224677,158448.40530995053,361872.94296918047,161705.7635695597,398777.0690422621,701.236217929958,1574.7810293676714
271.6408591933365,3002943.0607447745,914.6662377476763,81.44661648253864,158970.41811988203,361836.4516911184,162253.5206733767,398706.529177868,703.1752434361631,1573.6371069667866
271.8917423160449,3022514.7413017675,913.4132019901296,82.0541088514651,159493.19797208358,361798.79525635036,162802.23131506174,398634.42461859406,705.115507259365,1572.4908504553448
272.1426254387532,3042179.4084071307,912.1560894708001,82.66616928267177,160016.75288369128,361759.96167945885,163351.9051054696,398560.74046000914,707.0570395890227,1571.3422098203737
272.39350856146154,3061937.3589593973,910.8948564862727,83.28284566247974,160541.09101251062,361719.93876947276,163902.55181905266,398485.461544337,708.9998711050641,1570.19113430418
272.6443916841699,3081788.8911023983,909.6294585428715,83.90418670991487,161066.22066055884,361678.71412484534,164454.18139793316,398408.5724542894,710.9440329905485,1569.0375723851455
272.8952748068782,3101734.3042479367,908.3598503365561,84.53024199737186,161592.1502777205,361636.27512827277,165006.80395610433,398330.0575067069,712.8895569447272,1567.8814717579103
273.1461579295866,3121773.8990990077,907.0859857321697,85.16106197193692,162118.8884655202,361592.6089413497,165560.42978376616,398249.90074599773,714.836475196531,1566.722779312937
273.3970410522949,3141907.9776735385,905.8078177420147,85.7966979773936,162646.44398101672,361547.7024990534,166115.06935179993,398168.08593736915,716.7848205184823,1565.561441115422
273.64792417500325,3162136.8433287395,904.5252985037237,86.43720227694146,163174.82574082594,361501.54250405065,166670.73331639043,398084.5965598422,718.7346262410806,1564.3974023835308
273.8988072977116,3182460.800785991,903.2383792574027,87.08262807665189,163704.04282527335,361454.1154208214,167227.4325237963,397999.41579904064,720.6859262676386,1563.2306074659364
274.1496904204199,3202880.156156335,901.9470103220145,87.73302954969347,164234.10448268757,361405.40746959054,167785.17801528107,397912.52653974836,722.6387550896327,1562.0609998186253
274.4005735431283,3223395.2169665936,900.6511410709714,88.38846186135696,164765.02013383352,361355.4046200601,168343.9810322049,397823.91135822126,724.5931478025491,1560.8885219809433
274.65145666583663,3244006.2921860903,899.3507199069089,89.048981194911,165296.79937649635,361304.092584935,168903.8530212878,397733.55251424725,726.5491401222707,1559.713115550853
274.90233978854496,3264713.692254068,898.0456942355991,89.71464477832554,165829.45199022046,361251.4568132332,169464.80564005108,397641.4319429435,728.5067684020195,1558.5347211593737
275.1532229112533,3285517.72910774,896.7360104389765,90.385510911895,166362.987941209,361197.482483371,170026.85076244146,397547.53124627896,730.4660696498745,1557.3532784441575
275.4041060339616,3306418.716211049,895.4216138472361,91.0616389968006,166897.4173873914,361142.15449601604,170590.0004846487,397451.83168431284,732.4270815468882,1556.1687260221838
275.65498915667,3327416.968584145,894.1024487099623,91.7430895646509,167432.75068366737,361085.45746669563,171154.26713112264,397354.3141661348,734.3898424658419,1554.9810014615173
275.90587227937834,3348512.802833569,892.7784581662511,92.42992430803999,167968.99838733158,361027.3757181526,171719.66326080018,397254.9592404979,736.3543914906418,1553.7900412521083
276.1567554020867,3369706.5371832447,891.4495842137793,93.12220611216928,168506.17126369072,360967.8932724376,172286.20167354864,397153.7470861274,738.3207684364082,1552.5957807755765
276.407638524795,3390998.4915062054,890.1157676767812,93.81999908757503,169044.28029187737,360906.99384272535,172853.89541683672,397050.65750169556,740.289013870269,1551.398154273954
276.65852164750333,3412388.987357151,888.7769481728765,94.52336860401134,169583.33667087206,360844.66082484374,173422.75779264202,396945.6698954445,742.2591691329027,1550.1970948173246
276.9094047702117,3433878.3480058364,887.4330640787098,95.23238132553792,170123.35182574164,360780.8772885059,173992.80236460647,396838.76327444625,744.2312763608496,1548.992534270325
277.16028789292005,3455466.8984713024,886.0840524943413,95.9471052468647,170664.33741410164,360715.62596822664,174564.04296544756,396729.9162334789,746.2053785096372,1547.7844032574558
277.4111710156284,3477154.9655570444,884.7298492063376,96.66760973101063,171206.3053328165,360648.88925391604,175136.49370464118,396619.1069435088,748.1815193777481,1546.5726311271376
277.6620541383367,3498942.8778870488,883.3703886495039,97.39396554833166,171749.26772494405,360580.6491811308,175710.16897638436,396506.3131397536,750.1597436314723,1545.3571459144805
277.91293726104504,3520830.965942771,882.0056038671902,98.12624491698101,172293.23698693982,360510.8874209718,176285.08346785285,396391.5121093163,752.1400968306873,1544.1378743026892
278.16382038375343,3542819.562101155,880.6354264701247,98.86452154486743,172838.22577612603,360439.5852696093,176861.25216776467,396274.6806783635,754.1226254555895,1542.9147415830473
278.41470350646176,3564909.0006735837,879.2597865936823,99.60887067317624,173384.24701844662,360366.7236374206,177438.6903752664,396155.79519883107,756.1073769344531,1541.6876716134245
278.6655866291701,3587099.617945962,877.8786128535373,100.35936912152849,173931.31391651224,360292.28303772194,178017.41370915444,396034.8315346363,758.0943996724294,1540.4565867752276
278.9164697518785,3609391.752219823,876.491832299611,101.11609533485056,174479.43995795696,360216.24357507663,178597.43811744914,395911.765047372,760.083743081464,1539.221407928734
279.16735287458675,3631785.7438545474,875.0993703682446,101.87912943203473,175028.63892411327,360138.5849331588,179178.77988733468,395786.57058145956,762.075457611361,1537.9820543667263
279.41823599729514,3654281.9353108257,873.7011508325028,102.64855325647807,175578.92489902928,360059.28636215243,179761.45565548865,395659.2224487354,764.0695947820705,1536.7384437663463
279.6691191200035,3676880.6711951923,872.2970957505332,103.42445042858122,176130.31227883423,359978.3266656653,180345.4824188101,395529.6944124461,766.0662072172347,1535.4904921390983
279.9200022427118,3699582.2983059282,870.8871254118736,104.2069064003097,176682.81578147912,359895.68418713176,180930.87754557558,395397.95967062056,768.0653486790743,1534.2381137788902
280.1708853654202,3722387.165680178,869.471158281617,104.99600851190976,177236.45045686368,359811.3367956829,181517.6587870365,395263.990838793,770.0670741046696,1532.9812212080433
280.42176848812846,3745295.624642399,868.0491109423269,105.7918460508859,177791.23169737065,359725.2618714565,182105.84428948158,395127.7599320435,772.0714396437022,1531.719725121155
280.67265161083685,3768308.0288542705,866.6208980335881,106.59451031335432,178347.17524882994,359637.4362903207,182695.45260678977,394989.23834632366,774.0785026977429,1530.453534326714
280.9235347335452,3791424.7343659084,865.186432189086,107.40409466788164,178904.29722192904,359547.8364079817,183286.50271349328,394848.396839033,776.088321961144,1529.1825556863646
281.1744178562535,3814646.0996686956,863.7456239710754,108.22069462194243,179462.6141040973,359456.4380434453,183879.01401838078,394705.2055088063,778.1009574636369,1527.9066940516907
281.4253009789619,3837972.485749579,862.2983818021202,109.0444078911198,180022.14277188433,359363.2164618001,184473.00637866562,394559.63377447677,780.1164706147057,1526.625852198404
281.67618410167023,3861404.2561469716,860.8446118939586,109.87533447119144,180582.90050385942,359268.1463562888,185068.50011474788,394411.65035317,782.1349242498345,1525.339930757805
281.92706722437856,3884941.777008362,859.3842181733422,110.71357671325028,181144.90499405886,359171.20182962896,185665.5160256018,394261.22323748586,784.1563826787295,1524.0488281453722
282.1779503470869,3908585.4171496048,857.9171022047002,111.55923940201339,181708.17436601003,359072.356374548,186264.0754048228,394108.3196717221,786.1809117356113,1522.752440486334
282.4288334697952,3932335.548116022,856.4431631094541,112.41242983748789,182272.72718736037,358971.5828534897,186864.20005736273,393952.9061270895,788.2085788316909,1521.4506615380735
282.6797165925036,3956192.5442453767,854.9622974818092,113.2732579201705,182838.582485146,358868.85347744764,187465.91231699695,393794.9482758644,790.2394530099419,1520.14338260918
282.93059971521194,3980156.782732753,853.4743993008345,114.14183623996715,183405.759761734,358764.1397838842,188069.235064559,393634.41096442693,792.273605002302,1518.8304924749998
283.18148283792027,4004228.6436975054,851.9793598386274,115.01828016903542,183974.27901147184,358657.41261367936,188674.19174698216,393471.25818512007,794.3111072894234,1517.5118772894662
283.4323659606286,4028408.510252256,850.4770675643535,115.90270795875907,184544.16073808743,358548.64208706364,189280.80639719855,393305.4530468702,796.3520341631182,1516.1874204930357
283.68324908333693,4052696.7685740977,848.9674080439321,116.79524084108303,185115.4259728764,358437.7975784768,189889.10365493453,393136.9577445007,798.39646179165,1514.857002716499
283.9341322060453,4077093.8079780694,847.4502638351253,117.6960031344498,185688.09629372237,358324.8476902914,190499.1087884584,392965.73352666607,800.4444682880211,1513.520501680448
284.18501532875365,4101600.020992976,845.9255143777749,118.60512235459268,186262.19384499974,358209.76022534404,191110.84771733262,392791.74066233105,802.4961337814386,1512.1777920901573
284.435898451462,4126215.8034397285,844.393035878907,119.52272933046298,186837.7413584035,358092.5021582009,191724.3470362262,392614.9384057144,804.5515404921283,1510.8287455256186
284.6867815741703,4150941.5545121985,842.8527011924159,120.44895832557992,187414.76217476465,357973.0396050911,192339.6340398481,392435.28495960863,806.6107728096941,1509.4732303264611
284.93766469687864,4175777.676860794,841.3043796930106,121.38394716511795,187993.28026690398,357851.337792428,192956.73674906848,392252.7374369831,808.6739173752263,1508.111111471447
285.18854781958703,4200724.576678829,839.7479371440861,122.32783736906492,188573.32026358898,357727.3610238402,193575.6839382949,392067.2518207745,810.7410631673878,1506.742250452255
285.43943094229536,4225782.663791764,838.1832355591634,123.28077429180537,189154.90747465694,357601.0726456224,194196.50516417966,391878.78292175476,812.812301592704,1505.3665051411924
285.6903140650037,4250952.351749627,836.6101330565155,124.24290726851721,189738.06791737376,357472.43501051405,194819.23079573736,391687.2843343661,814.8877265803121,1503.9837296524881
285.941197187712,4276234.057922482,835.0284837065714,125.21438976878119,190322.8283441019,357341.4094397068,195443.8920459543,391492.7083904017,816.9674346814353,1502.5937741967841
286.19208031042035,4301628.203599294,833.4381373716308,126.19537955784887,190909.2162713655,357207.9561829735,196070.52100498992,391295.00611040293,819.0515251738966,1501.196484928413
286.44296343312874,4327135.214090316,831.8389395374705,127.1860388660361,191497.26001038466,357072.0343768035,196699.1506750562,391094.12715263135,821.1401001719369,1499.7917037850145
286.69384655583707,4352755.5188330645,830.2307311362779,128.1865345667451,192086.98869918368,356933.6020004222,197329.81500708938,390890.01975947036,823.2332647417161,1498.3792683190295
286.9447296785454,4378489.55150216,828.6133483603908,129.19703836365835,192678.4323363681,356792.61582956335,197962.54893932413,390682.6307010944,825.3311270228392,1496.9590115205544
287.19561280125373,4404337.750123123,826.9866224662732,130.21772698768322,193271.62181667468,356649.03138785297,198597.38843789088,390471.9052162352,827.4337983562843,1495.5307616310204
287.44649592396206,4430300.55719044,825.3503795680695,131.24878240427753,193866.5889684097,356502.8028956501,199234.3705395637,390257.78694985685,829.5413934191533,1494.094341947092
287.69737904667045,4456378.419789954,823.7044404200665,132.29039203182487,194463.36659290537,356353.88321618416,199873.5333968105,390040.21788754774,831.6540303667122,1492.6495706141893
287.9482621693788,4482571.789725899,822.0486201873498,133.34274897178693,195061.98850611522,356202.22379881056,200514.91632528033,389819.13828640926,833.7718309821614,1491.1962604089147
288.1991452920871,4508881.123652791,820.3827282038236,134.40605225141843,195662.48958250612,356047.77461919456,201158.55985390814,389594.48660221254,835.8949208347078,1489.7342185096759
288.45002841479544,4535306.88321242,818.706567716803,135.48050707988443,196264.9058013887,355890.4841162188,201804.50577780078,389366.19941257674,838.0234294464464,1488.2632462547135
288.70091153750377,4561849.535176127,817.0199356171905,136.56632511869367,196869.27429586428,355730.29912539286,202452.79721410258,389134.2113358978,840.1574904687099,1486.7831388866725
288.95179466021216,4588509.551592776,815.3226221542957,137.66372476743635,197475.6334045631,355567.164808527,203103.47866104427,388898.4549457394,842.2972418685034,1485.2936852828022
289.2026777829205,4615287.409942612,813.6144106341993,138.77293146589045,198084.02272636976,355401.02457940887,203756.59606039547,388658.8606803708,844.442826125751,1483.7946676697823
289.4535609056288,4642183.593297396,811.8950771004883,139.89417801365568,198694.48317835308,355231.82002520445,204412.1968635696,388415.35674711334,846.5943904421314,1482.2858613220994
289.70444402833715,4669198.590487021,810.1643899961069,141.0277049085637,199307.05705712637,355059.49082328146,205070.33010163705,388167.8690211279,848.7520869623243,1480.7670342428062
289.9553271510455,4696332.896273125,808.4221098049456,142.17376070523014,199921.78810389177,354883.9746531227,205731.04645953752,387916.32093824394,850.916073008594,1479.2379468253882
290.20621027375387,4723587.011530008,806.66798867168,143.33260239522363,200538.72157343497,354705.20710297354,206394.39835479355,387660.63338139455,853.0865113296678,1477.698351495359
290.4570933964622,4750961.443433232,804.9017699982327,144.5044958104578,201157.9043073723,354523.12157083576,207060.44002107024,387400.7245601914,855.2635703650126,1476.1479923300978
290.70797651917053,4778456.705656402,803.1231880150806,145.68971605156014,201779.3848119698,354337.6491593825,207729.22759694318,387136.5098831229,857.447424525667,1474.58660465528
290.95885964187886,4806073.318576532,801.3319673254936,146.88854794311965,202403.21334088658,354148.7185643366,208400.81922027897,386867.90182181983,859.6382544929071,1473.0139146161407
291.2097427645872,4833811.809488589,799.5278224206007,148.10128651789975,203029.44198322136,353956.2559558071,209075.27512865714,386594.8097667786,861.836247536126,1471.4296387216248
291.4606258872956,4861672.712829609,797.7104571629628,149.32823753228533,203658.12475729053,353760.18485203775,209752.6577663225,386317.13987388014,864.041597851479,1469.8334833593112
291.7115090100039,4889656.57041313,795.8795642361707,150.56971801545342,204289.3177105861,353560.4259849665,210433.03189817912,386034.79490097455,866.2545069229247,1468.225144278797
291.96239213271224,4917763.931674489,794.0348245576852,151.8260568549922,204923.07902642456,353356.8971569401,211116.46473140782,385747.6740337406,868.4751839075225,1466.604306041012
292.21327525542057,4945995.353927547,792.1759066519079,153.09759542194666,205559.46913783223,353149.5130878646,211803.02604532722,385455.6726999478,870.7038460469641,1464.970641430688
292.4641583781289,4974351.402633751,790.3024659801715,154.3846882385777,206198.55084927517,352938.1852520053,212492.7883301925,385158.68237116694,872.9407191075519,1463.3238108289431
292.7150415008373,5002832.651684209,788.4141442239929,155.68770369243362,206840.38946689852,352722.8217035634,213185.82693569016,384856.59035087726,875.1860378510422,1461.6634615426296
292.9659246235456,5031439.6836955985,786.5105685175805,157.00702480070032,207485.0529380084,352503.32689008274,213882.22022996077,384549.2795478211,877.440046539022,1459.9892270867713
293.21680774625395,5060173.090320892,784.5913506251553,158.34305002920777,208132.61200060602,352279.6014526302,214582.04977007536,384236.6282333288,879.7029994737583,1458.300726416036
293.46769086896234,5089033.472575791,782.6560860582088,159.69619417091448,208783.14034386724,352051.54201159586,215285.40048498023,383918.50978121767,881.9751615787736,1456.597563100768
293.7185739916706,5118021.441181968,780.7043531272864,161.06688928921116,209436.71478055252,351819.04093682667,215992.36087203465,383594.7923887099,884.256809022734,1454.8793244426413
293.969457114379,5147137.616928381,778.7357119222977,162.45558573195927,210093.41543244928,351581.98610068206,216703.02320839514,383265.33877666085,886.548229890655,1453.1455805244618
294.2203402370873,5176382.631051648,776.7497032147342,163.86275322280704,210753.3259300487,351340.26061243523,217417.48377861717,382930.0058671926,888.8497249068056,1451.3958831880548
294.47122335979566,5205757.125637189,774.7458472743813,165.28888203708257,211416.5336278213,351093.74253228086,218135.84312002634,382588.6444366284,891.1616082142791,1449.6297649335104
294.72210648250405,5235261.754042313,772.723642592336,166.7344842703542,212083.1298365838,350842.3045630078,218858.20628756314,382241.0987413825,893.4842082166598,1447.8467377323016
294.9729896052124,5264897.181343038,770.6825645011546,168.20009520869834,212753.21007463674,350585.813717177,219584.68314001075,381887.2061141937,895.8178684879111,1446.04629174594
295.2238727279207,5294664.0848064115,768.6220636819052,169.68627481076518,213426.87433954648,350324.13095739443,220315.3886497441,381526.79652778927,898.1629487573097,1444.2278939408523
295.47475585062904,5324563.154390192,766.5415645466812,171.19360931292442,214104.2274026653,350057.1108069847,221050.44323838333,381159.69212272443,900.5198259770491,1442.3909865890944
295.72563897333737,5354595.093272063,764.440463483735,172.72271297014552,214785.3791287417,349784.6009280458,221789.97314103393,380785.70669574867,902.888895481098,1440.534985643236
295.97652209604576,5384760.618410666,762.3181269508095,174.2742299468232,215470.44482326435,349506.44166349946,222534.11080212428,380404.6451446093,905.2705722449416,1438.6592789723466
296.2274052187541,5415060.461141107,760.1738894004612,175.8488363735447,216159.5456105078,349222.46553932404,223282.99530622398,380016.30286468595,907.6652922570319,1436.7632244443646
296.4782883414624,5445495.367807628,758.0070510190253,177.44724258783592,216852.80884564758,348932.4967226793,224036.77284768032,379620.4650922758,910.0735140142342,1434.8461478382847
296.72917146417075,5476066.100436607,755.8168752585574,179.07019557927896,217550.36856473205,348636.3504310725,224795.5972433896,379216.9061886732,912.4957201550845,1432.9073405674358
296.9800545868791,5506773.437453368,753.6025861382884,180.71848166211004,218252.36597681837,348333.83228707407,225559.63049361357,378805.38885841257,914.9324192465733,1430.9460571926472
297.23093770958747,5537618.17444651,751.3633652889378,182.39292940153285,218958.95000316354,348024.73761235666,226329.04339641408,378385.663294161,917.3841477423168,1428.9615127012612
297.4818208322958,5568601.1249839775,749.0983487095532,184.09441282362155,219670.27786904192,347708.85065396794,227104.016222059,377957.46623970655,919.8514721324472,1426.9528795246338
297.7327039550041,5599723.121485663,746.8066232022435,185.82385494291833,220386.51575455247,347385.9437347577,227884.73945465108,377520.5199612912,922.3349913084629,1424.9192842629054
297.98358707771246,5630985.01615763,744.4872224451683,187.58223164674388,221107.83951169715,347055.7763187185,228671.41460928367,377074.53111614485,924.8353391696392,1422.8598040813877
298.2344702004208,5662387.681993886,742.1391226582671,189.37057598101484,221834.43545610402,346718.0939806434,229464.25513426866,376619.18950543896,927.353187501589,1420.7734627376426
298.4853533231292,5693932.013852124,739.761237809355,191.1899828891171,222566.50124302524,346372.62726791826,230263.4874094179,376154.16669697076,929.8892491621663,1418.6592261922185
298.7362364458375,5725618.929610771,737.3524143000984,193.0416144633483,223304.24683874584,346019.0904403974,231069.35185307683,375679.11450063885,932.444281615426,1416.5159977488001
298.98711956854584,5757449.371415704,734.9114250618197,194.9267057778654,224047.89560029973,345657.180072101,231882.10415261798,375193.6632771102,935.0190908607879,1414.342612660986
299.23800269125417,5789424.307025619,732.4369629797034,196.8465713832123,224797.68547849328,345286.57349586615,232702.01663550243,374697.4200569425,937.6145358122739,1412.1378321328525
299.4888858139625,5821544.731266817,729.9276335504898,198.80261255581877,225553.87036173276,344906.92706896784,233529.37980086697,374189.9664436757,940.2315331918176,1409.9003366284323
299.7397689366709,5853811.667609127,727.3819466625421,200.79632541173768,226316.72158114618,344517.87423401605,234364.5040350114,373670.85626994603,942.8710630116431,1407.6287183909242
299.9906520593792,5886226.169876338,724.7983073677457,202.82931001296112,227086.52960108637,344119.02334498364,235207.7215382659,373139.61297032033,945.5341747338659,1405.321473055257
300.24153518208755,5918789.324107027,722.1750054913358,204.90328061769623,227863.60592343262,343709.9552228456,236059.38849566402,372595.72662808816,948.2219942113757,1402.9769902169041
300.4924183047959,5951502.250582749,719.5102038973178,207.02007725380471,228648.2852393701,343290.2203988326,236919.8875298528,372038.6506454616,950.935731533346,1400.593542794843
300.7433014275042,5984366.106044274,716.8019251926052,209.18167882860857,229440.92786874168,342859.3359953908,237789.63048200027,371467.79797712824,953.676689922267,1398.1692749960262
300.9941845502126,6017382.086119257,714.0480366107527,211.39021802978442,230241.9225348971,342416.7821852923,238669.06157540332,370882.53685550805,956.4462758581222,1395.702188651509
301.2450676729209,6050551.427987809,711.246232764008,213.64799832317766,231051.68953265593,341961.99815748056,239558.6610275691,370282.18592182064,959.2460106409332,1393.1901276486367
301.49595079562926,6083875.413317996,708.3940158881086,215.95751341668424,231870.68435894468,341494.37750355783,240458.9491901922,369666.00865944783,962.0775436467428,1390.6307601270516
301.7468339183376,6117355.371507322,705.4886731238904,218.3214696381004,232699.40189061605,341013.2629205936,241370.49131352597,369033.20700418623,964.9426675870242,1388.0215580359954
301.9977170410459,6150992.68327329,702.5272502792926,220.74281177361595,233538.38121265633,340517.9401030951,242293.90305302327,368382.9139785817,967.8433361502192,1385.359773562298
302.2486001637543,6184788.784643466,699.5065213883946,223.22475303822094,234388.21122363184,340007.63066821866,243229.8568631432,367714.1851630264,970.78168449103,1382.6424118275315
302.49948328646263,6218745.171404789,696.4229532228077,225.77081000768246,235249.53717529675,339481.48392178677,244179.08945760815,367025.98877249437,973.7600531436507,1379.8661991120125
302.75036640917097,6252863.404083212,693.2726637041096,228.38484354460095,236123.06834183488,338938.5672259731,245142.4105594763,366317.19405180315,976.7810160769554,1377.0275456833228
303.0012495318793,6287145.11353858,690.0513728990741,231.0711070130461,237009.58706405337,338377.85466930195,246120.71322140703,365586.55763009057,979.8474137930561,1374.1225020748768
303.2521326545876,6321592.007277551,686.754344931756,233.83430341762008,237909.95947883168,337798.21366125677,247114.98607084507,364832.7073813138,982.9623926098777,1371.1467073581348
303.503015777296,6356205.8766082795,683.3763186889996,236.67965355169235,238825.14832972392,337198.3889709417,248126.32793278972,364054.1232143589,986.1294515835673,1368.0953275557338
303.75389890000434,6390988.60478879,679.9114245882307,239.61297783602154,239756.22836841657,336576.98359277396,249155.96541307546,363249.1140529298,989.3524989458311,1364.9629818170774
304.0047820227127,6425942.176355434,676.3530838599845,242.64079533006716,240704.40500980947,335932.43563924724,250205.27420032487,362415.7900463829,992.6359204953307,1361.7436532732795
304.255665145421,6461068.687862586,672.6938856879833,245.7704444870702,241671.0371117407,335262.9902125861,251275.80508321503,361552.028755634,995.9846631500948,1358.4305805324768
304.50654826812934,6496370.360323316,668.9254360220681,249.01023172271897,242657.6650374157,334566.6648660788,252369.31600849493,360655.433650316,999.404337926569,1355.0161244634915
304.7574313908377,6531849.553716504,665.0381697469138,252.3696159591181,243666.04555976632,333841.20679076033,253487.8119648469,359723.2826852476,1002.901348091218,1351.4916030870297
305.00831451354605,6567508.784027592,661.0211148675763,255.8594402702175,244698.1957362407,333084.0391911987,254633.59513016668,358752.4639211658,1006.4830503321218,1347.8470848078935
305.2591976362544,6603350.7434265,656.8615930184376,259.49222602614856,245756.44870394806,332292.1933479999,255809.3286616306,357739.39400040434,1010.1579598318174,1344.0711265047942
305.5100807589627,6639378.324371918,652.5448342117005,263.28255120171764,246843.5255523244,331462.2214500218,257018.1188925544,356679.91359888384,1013.9360145836034,1340.150437553689
305.76096388167105,6675594.648689805,648.0534741715503,267.2475439000909,247962.6292411927,330590.0831657761,258263.62277760368,355569.1514530621,1017.8289209878554,1336.0694427344947
306.01184700437943,6712003.103037744,643.3668879414553,271.40753651776373,249117.5693101729,329670.9956942714,259550.19061667775,354401.34470798954,1021.8506130412452,1331.8097045595362
306.26273012708776,6748607.382691882,638.4602904255935,275.78694855637156,250312.93049700587,328699.2319761314,260883.05910781314,353169.59729986405,1026.0178736119265,1327.3491461234573
306.5136132497961,6785411.546364642,633.3034973083377,280.4155025781424,251554.30546147353,327667.8435910893,262268.61791230313,351865.5483683913,1030.3511925107127,1322.6609842558194
306.7644963725044,6822420.085927475,627.8591776622359,285.3299387188815,252848.62365419674,326568.271293477,263714.78652742255,350478.90652705904,1034.8759799545257,1317.7122306472352
307.01537949521276,6859638.016721693,622.0803218885611,290.57649872202126,254204.62893623716,325389.78268853156,265231.5619147578,348996.77790972433,1039.624330286193,1312.4615286463904
307.26626261792114,6897070.99704631,615.9064538231211,296.214641423729,255633.59585865273,324118.63426539605,266831.8402579995,347402.66561474506,1044.6376692486156,1306.8559312546
307.5171457406295,6934725.490255652,609.2577449372565,302.3228151735561,257150.4457220697,322736.77478086937,268532.6982217401,345674.9228206546,1049.9708825876985,1300.8259183715527
307.7680288633378,6972608.9913582625,602.0254380403112,309.0078482799658,258775.56805794212,321219.745288369,270357.4856162022,343784.2498152604,1055.6990609739369,1294.27733198617
308.0189119860462,7010730.355600608,594.0553519060318,316.4211219504748,260537.96924692142,319533.0801279024,272339.4458822326,341689.4087332282,1061.929172262194,1287.0775646249892
308.26979510875447,7049100.297274396,585.1173235664703,324.78852677891535,262481.1291807516,317625.6772699967,274528.45714962453,339329.33893312176,1068.8217998818232,1279.0301394975681
308.52067823146285,7087732.193025868,574.8428717008835,334.4715666259007,264675.00649036875,315416.36039471737,277004.86659988743,336607.1966279011,1076.6357670021837,1269.8232394583995
